{"$type":"List`1","$values":[{"$id":"1","$type":"ProjectOptionEntry","key":"RestoreNetworkStates","context":"{2232321-3380}","value":true},{"$id":"2","$type":"ProjectOptionEntry","key":"LastSelection@Siemens.Simatic.PlcLanguages.PLFrame.BasicLanguageEditor","context":"{2232321-3380}","value":{"$id":"3","$type":"SessionState","NetworkStates":{"$id":"4","$type":"Dictionary`2","1":5},"FocusedComponent":4,"ComponentUndoState":{"$id":"5","$type":"FLGViewSessionState","SelectedElements":{"$type":"String[]","$values":["<?xml version=\"1.0\" encoding=\"utf-16\"?><ConnectionElement UId=\"23\" Label=\"false\" />"]},"RelevantSettings":null}}},{"$id":"6","$type":"ProjectOptionEntry","key":"NetworkCollapsed","context":"{2232342-4120}","value":false},{"$id":"7","$type":"ProjectOptionEntry","key":"NetworkCollapsed","context":"{2232342-4424}","value":false}]}